{
  "attributes": {
    "attack_range": 2.5,
    "category": "axe",
    "attacks": [
      {
        "hitbox": "HORIZONTAL_PLANE",
        "angle": 90,
        "upswing": 0.5,
        "animation": "malfu_combat_animation:axe_rl",
        "swing_sound": {
          "id": "bettercombat:axe_slash"
        }
      },
      {
        "hitbox": "HORIZONTAL_PLANE",
        "angle": 90,
        "upswing": 0.5,
        "animation": "malfu_combat_animation:axe_downup_lr",
        "swing_sound": {
          "id": "bettercombat:axe_slash"
        }
      },
      {
        "hitbox": "HORIZONTAL_PLANE",
        "angle": 90,
        "upswing": 0.5,
        "animation": "malfu_combat_animation:axe_updown_rl",
        "swing_sound": {
          "id": "bettercombat:axe_slash"
        }
      },
      {
        "hitbox": "HORIZONTAL_PLANE",
        "angle": 90,
        "upswing": 0.5,
        "animation": "malfu_combat_animation:axe_updown_lr",
        "swing_sound": {
          "id": "bettercombat:axe_slash"
        }
      },
      {
        "hitbox": "VERTICAL_PLANE",
        "angle": 150,
        "upswing": 0.5,
        "animation": "malfu_combat_animation:one_handed_swipe_vertical_rl",
        "swing_sound": {
          "id": "bettercombat:axe_slash"
        }
      },
      {
        "hitbox": "VERTICAL_PLANE",
        "angle": 150,
        "upswing": 0.5,
        "animation": "malfu_combat_animation:one_handed_swipe_vertical_lr",
        "swing_sound": {
          "id": "bettercombat:axe_slash"
        }
      },
      {
        "conditions": ["DUAL_WIELDING_SAME_CATEGORY", "MAIN_HAND_ONLY"],
        "hitbox": "VERTICAL_PLANE",
        "damage_multiplier": 1.4,
        "angle": 150,
        "upswing": 0.5,
        "animation": "malfu_combat_animation:axe_double_updown",
        "swing_sound": {
          "id": "bettercombat:axe_slash"
        }
      },
      {
        "hitbox": "HORIZONTAL_PLANE",
        "angle": 90,
        "upswing": 0.5,
        "animation": "malfu_combat_animation:axe_updown_rl",
        "swing_sound": {
          "id": "bettercombat:axe_slash"
        }
      },
      {
        "hitbox": "HORIZONTAL_PLANE",
        "angle": 90,
        "upswing": 0.5,
        "animation": "malfu_combat_animation:axe_updown_lr",
        "swing_sound": {
          "id": "bettercombat:axe_slash"
        }
      }
    ]
  }
}