{
  "attributes": {
    "attack_range": 2.1,
    "category": "claw",
    "attacks": [
      {
        "hitbox": "VERTICAL_PLANE",
        "angle": 90,
        "upswing": 0.5,
        "animation": "malfu_combat_animation:claw_updown",
        "swing_sound": {
          "id": "bettercombat:sword_slash",
          "pitch" : 1.2
        }
      },
      {
        "hitbox": "HORIZONTAL_PLANE",
        "angle": 90,
        "upswing": 0.5,
        "animation": "malfu_combat_animation:claw_rl",
        "swing_sound": {
          "id": "bettercombat:sword_slash"
        }
      },
      {
        "hitbox": "HORIZONTAL_PLANE",
        "angle": 90,
        "upswing": 0.5,
        "animation": "malfu_combat_animation:claw_rl",
        "swing_sound": {
          "id": "bettercombat:sword_slash"
        }
      },
      {
        "hitbox": "HORIZONTAL_PLANE",
        "angle": 90,
        "upswing": 0.5,
        "animation": "malfu_combat_animation:claw_lr",
        "swing_sound": {
          "id": "bettercombat:sword_slash"
        }
      },
      {
        "conditions": ["DUAL_WIELDING_SAME_CATEGORY", "MAIN_HAND_ONLY"],
        "hitbox": "HORIZONTAL_PLANE",
        "damage_multiplier": 1.2,
        "angle": 90,
        "upswing": 0.5,
        "animation": "malfu_combat_animation:claw_double_u",
        "swing_sound": {
          "id": "bettercombat:sword_slash"
        }
      },
      {
        "conditions": ["DUAL_WIELDING_SAME_CATEGORY", "MAIN_HAND_ONLY"],
        "hitbox": "HORIZONTAL_PLANE",
        "damage_multiplier": 1.2,
        "angle": 90,
        "upswing": 0.5,
        "animation": "malfu_combat_animation:claw_double_ii",
        "swing_sound": {
          "id": "bettercombat:sword_slash",
          "pitch" : 1.2
        }
      },
      {
        "hitbox": "VERTICAL_PLANE",
        "angle": 90,
        "upswing": 0.5,
        "animation": "malfu_combat_animation:claw_updown",
        "swing_sound": {
          "id": "bettercombat:sword_slash",
          "pitch" : 1.2
        }
      }
    ]
  }
}