{
  "attributes": {
    "attack_range": 2.75,
    "two_handed": true,
    "pose": "malfu_combat_animation:pose_two_handed_sword_fps_hold",
    "category": "claymore",
    "attacks": [
      {
        "hitbox": "HORIZONTAL_PLANE",
        "damage_multiplier": 1.0,
        "angle": 150,
        "upswing": 0.5,
        "animation": "malfu_combat_animation:claymore_hori_rl",
        "swing_sound": {
          "id": "bettercombat:claymore_swing"
        }
      },
      {
        "hitbox": "HORIZONTAL_PLANE",
        "damage_multiplier": 1.0,
        "angle": 150,
        "upswing": 0.5,
        "animation": "malfu_combat_animation:claymore_hori_lr",
        "swing_sound": {
          "id": "bettercombat:claymore_swing"
        }
      },
      {
        "hitbox": "HORIZONTAL_PLANE",
        "damage_multiplier": 1.0,
        "angle": 180,
        "upswing": 0.5,
        "animation": "malfu_combat_animation:two_handed_slice_rl",
        "swing_sound": {
          "id": "bettercombat:claymore_swing"
        }
      },
      {
        "hitbox": "HORIZONTAL_PLANE",
        "damage_multiplier": 1.0,
        "angle": 180,
        "upswing": 0.5,
        "animation": "malfu_combat_animation:two_handed_slice_lr",
        "swing_sound": {
          "id": "bettercombat:claymore_swing"
        }
      },
      {
        "hitbox": "HORIZONTAL_PLANE",
        "damage_multiplier": 1.0,
        "angle": 150,
        "upswing": 0.5,
        "animation": "malfu_combat_animation:claymore_hori_rl",
        "swing_sound": {
          "id": "bettercombat:claymore_swing"
        }
      },
      {
        "hitbox": "HORIZONTAL_PLANE",
        "damage_multiplier": 1.0,
        "angle": 150,
        "upswing": 0.5,
        "animation": "malfu_combat_animation:claymore_hori_lr",
        "swing_sound": {
          "id": "bettercombat:claymore_swing"
        }
      },
      {
        "hitbox": "FORWARD_BOX",
        "damage_multiplier": 1.1,
        "angle": 0,
        "upswing": 0.5,
        "animation": "malfu_combat_animation:claymore_stab_rl",
        "swing_sound": {
          "id": "bettercombat:claymore_swing"
        }
      },
      {
        "hitbox": "HORIZONTAL_PLANE",
        "damage_multiplier": 1.0,
        "angle": 170,
        "upswing": 0.5,
        "animation": "malfu_combat_animation:claymore_lrl",
        "swing_sound": {
          "id": "bettercombat:claymore_swing"
        }
      },
      {
        "hitbox": "FORWARD_BOX",
        "damage_multiplier": 1.1,
        "angle": 0,
        "upswing": 0.5,
        "animation": "malfu_combat_animation:claymore_stab_lr",
        "swing_sound": {
          "id": "bettercombat:claymore_swing"
        }
      },
      {
        "hitbox": "HORIZONTAL_PLANE",
        "damage_multiplier": 1.0,
        "angle": 170,
        "upswing": 0.5,
        "animation": "malfu_combat_animation:claymore_rlr",
        "swing_sound": {
          "id": "bettercombat:claymore_swing"
        }
      },
      {
        "hitbox": "HORIZONTAL_PLANE",
        "damage_multiplier": 1.0,
        "angle": 150,
        "upswing": 0.5,
        "animation": "malfu_combat_animation:claymore_hori_rl",
        "swing_sound": {
          "id": "bettercombat:claymore_swing"
        }
      },
      {
        "hitbox": "HORIZONTAL_PLANE",
        "damage_multiplier": 1.0,
        "angle": 150,
        "upswing": 0.5,
        "animation": "malfu_combat_animation:two_handed_up_lr",
        "swing_sound": {
          "id": "bettercombat:claymore_swing"
        }
      },
      {
        "hitbox": "HORIZONTAL_PLANE",
        "damage_multiplier": 1.0,
        "angle": 180,
        "upswing": 0.5,
        "animation": "malfu_combat_animation:claymore_rotate_rl",
        "swing_sound": {
          "id": "bettercombat:claymore_swing"
        }
      },
      {
        "hitbox": "HORIZONTAL_PLANE",
        "damage_multiplier": 1.0,
        "angle": 180,
        "upswing": 0.5,
        "animation": "malfu_combat_animation:claymore_rotate_rl",
        "swing_sound": {
          "id": "bettercombat:claymore_swing"
        }
      }
    ]
  }
}