{
  "attributes": {
    "attack_range": 2,
    "two_handed": false,
    "category": "dagger",
    "attacks": [
      {
        "hitbox": "HORIZONTAL_PLANE",
        "damage_multiplier": 1.0,
        "angle": 60,
        "upswing": 0.5,
        "animation": "malfu_combat_animation:dagger_rl",
        "swing_sound": {
          "id": "bettercombat:dagger_slash"
        }
      },
      {
        "hitbox": "HORIZONTAL_PLANE",
        "damage_multiplier": 1.0,
        "angle": 60,
        "upswing": 0.5,
        "animation": "malfu_combat_animation:dagger_lr",
        "swing_sound": {
          "id": "bettercombat:dagger_slash"
        }
      },
      {
        "hitbox": "HORIZONTAL_PLANE",
        "damage_multiplier": 1.0,
        "angle": 60,
        "upswing": 0.5,
        "animation": "malfu_combat_animation:dagger_rl",
        "swing_sound": {
          "id": "bettercombat:dagger_slash"
        }
      },
      {
        "hitbox": "FORWARD_BOX",
        "damage_multiplier": 1.0,
        "angle": 0,
        "upswing": 0.5,
        "animation": "malfu_combat_animation:dagger_lr_stab",
        "swing_sound": {
          "id": "bettercombat:dagger_slash"
        }
      },
      {
        "hitbox": "HORIZONTAL_PLANE",
        "damage_multiplier": 1.0,
        "angle": 60,
        "upswing": 0.5,
        "animation": "malfu_combat_animation:dagger_lr",
        "swing_sound": {
          "id": "bettercombat:dagger_slash"
        }
      },
      {
        "hitbox": "FORWARD_BOX",
        "damage_multiplier": 1.0,
        "angle": 0,
        "upswing": 0.5,
        "animation": "malfu_combat_animation:dagger_rl_stab",
        "swing_sound": {
          "id": "bettercombat:dagger_slash"
        }
      },
      {
        "hitbox": "HORIZONTAL_PLANE",
        "damage_multiplier": 1.0,
        "angle": 60,
        "upswing": 0.5,
        "animation": "malfu_combat_animation:dagger_lr",
        "swing_sound": {
          "id": "bettercombat:dagger_slash"
        }
      },
      {
        "conditions": ["DUAL_WIELDING_SAME_CATEGORY", "MAIN_HAND_ONLY"],
        "hitbox": "FORWARD_BOX",
        "damage_multiplier": 1.4,
        "angle": 80,
        "upswing": 0.5,
        "animation": "bettercombat:dual_handed_stab",
        "swing_sound": {
          "id": "bettercombat:dagger_slash"
        }
      }
    ]
  }
}