{
  "attributes": {
    "attack_range": 3.5,
    "pose": "malfu_combat_animation:leftside_polearm_pose",
    "two_handed": true,
    "category": "halberd",
    "attacks": [
      {
        "hitbox": "HORIZONTAL_PLANE",
        "damage_multiplier": 1.0,
        "angle": 160,
        "upswing": 0.5,
        "animation": "malfu_combat_animation:halberd_rl",
        "swing_sound": {
          "id": "bettercombat:glaive_slash_slow"
        }
      },
      {
        "hitbox": "FORWARD_BOX",
        "damage_multiplier": 1.1,
        "angle": 0,
        "upswing": 0.5,
        "animation": "malfu_combat_animation:halberd_lr_stab",
        "swing_sound": {
          "id": "bettercombat:spear_stab"
        }
      },
      {
        "hitbox": "HORIZONTAL_PLANE",
        "damage_multiplier": 1.0,
        "angle": 160,
        "upswing": 0.5,
        "animation": "malfu_combat_animation:halberd_lr",
        "swing_sound": {
          "id": "bettercombat:glaive_slash_slow"
        }
      },
      {
        "hitbox": "FORWARD_BOX",
        "damage_multiplier": 1.1,
        "angle": 0,
        "upswing": 0.5,
        "animation": "malfu_combat_animation:halberd_rl_stab",
        "swing_sound": {
          "id": "bettercombat:spear_stab"
        }
      },
      {
        "hitbox": "HORIZONTAL_PLANE",
        "damage_multiplier": 1.0,
        "angle": 160,
        "upswing": 0.5,
        "animation": "malfu_combat_animation:halberd_rl",
        "swing_sound": {
          "id": "bettercombat:glaive_slash_slow"
        }
      },
      {
        "hitbox": "HORIZONTAL_PLANE",
        "damage_multiplier": 1.0,
        "angle": 160,
        "upswing": 0.5,
        "animation": "malfu_combat_animation:halberd_lr",
        "swing_sound": {
          "id": "bettercombat:glaive_slash_slow"
        }
      }
    ]
  }
}