{
  "attributes": {
    "attack_range": 2.75,
    "pose": "bettercombat:pose_two_handed_katana",
    "two_handed": true,
    "category": "katana",
    "attacks": [
      {
        "hitbox": "HORIZONTAL_PLANE",
        "damage_multiplier": 1.0,
        "angle": 90,
        "upswing": 0.5,
        "animation": "malfu_combat_animation:katana_updown_slash_rl",
        "swing_sound": {
          "id": "bettercombat:katana_slash"
        }
      },
      {
        "hitbox": "HORIZONTAL_PLANE",
        "damage_multiplier": 1.0,
        "angle": 90,
        "upswing": 0.5,
        "animation": "malfu_combat_animation:katana_updown_slash_lr",
        "swing_sound": {
          "id": "bettercombat:katana_slash"
        }
      },
      {
        "hitbox": "HORIZONTAL_PLANE",
        "damage_multiplier": 1.0,
        "angle": 90,
        "upswing": 0.5,
        "animation": "malfu_combat_animation:katana_updown_slash_rl",
        "swing_sound": {
          "id": "bettercombat:katana_slash"
        }
      },
      {
        "hitbox": "HORIZONTAL_PLANE",
        "damage_multiplier": 1.0,
        "angle": 90,
        "upswing": 0.5,
        "animation": "malfu_combat_animation:katana_downup_slash_lr",
        "swing_sound": {
          "id": "bettercombat:katana_slash"
        }
      },
      {
        "hitbox": "HORIZONTAL_PLANE",
        "damage_multiplier": 1.0,
        "angle": 90,
        "upswing": 0.5,
        "animation": "malfu_combat_animation:katana_updown_slash_lr",
        "swing_sound": {
          "id": "bettercombat:katana_slash"
        }
      },
      {
        "hitbox": "HORIZONTAL_PLANE",
        "damage_multiplier": 1.0,
        "angle": 90,
        "upswing": 0.5,
        "animation": "malfu_combat_animation:katana_downup_slash_rl",
        "swing_sound": {
          "id": "bettercombat:katana_slash"
        }
      },
      {
        "hitbox": "HORIZONTAL_PLANE",
        "damage_multiplier": 1.0,
        "angle": 100,
        "upswing": 0.5,
        "animation": "malfu_combat_animation:katana_slash_rl",
        "swing_sound": {
          "id": "bettercombat:katana_slash"
        }
      },
      {
        "hitbox": "HORIZONTAL_PLANE",
        "damage_multiplier": 1.0,
        "angle": 100,
        "upswing": 0.5,
        "animation": "malfu_combat_animation:katana_slash_lr",
        "swing_sound": {
          "id": "bettercombat:katana_slash"
        }
      },
      {
        "hitbox": "HORIZONTAL_PLANE",
        "damage_multiplier": 1.0,
        "angle": 100,
        "upswing": 0.5,
        "animation": "malfu_combat_animation:katana_slash_rl",
        "swing_sound": {
          "id": "bettercombat:katana_slash"
        }
      },
      {
        "hitbox": "HORIZONTAL_PLANE",
        "damage_multiplier": 1.0,
        "angle": 100,
        "upswing": 0.5,
        "animation": "malfu_combat_animation:katana_slash_lr",
        "swing_sound": {
          "id": "bettercombat:katana_slash"
        }
      },
      {
        "hitbox": "VERTICAL_PLANE",
        "damage_multiplier": 1.1,
        "angle": 120,
        "upswing": 0.5,
        "animation": "malfu_combat_animation:katana_updown_slash_kendo",
        "swing_sound": {
          "id": "bettercombat:katana_slash"
        }
      },
      {
        "hitbox": "VERTICAL_PLANE",
        "damage_multiplier": 1.1,
        "angle": 120,
        "upswing": 0.5,
        "animation": "malfu_combat_animation:katana_updown_slash_kendo",
        "swing_sound": {
          "id": "bettercombat:katana_slash"
        }
      },
      {
        "hitbox": "HORIZONTAL_PLANE",
        "damage_multiplier": 1.0,
        "angle": 90,
        "upswing": 0.5,
        "animation": "malfu_combat_animation:katana_updown_slash_rl",
        "swing_sound": {
          "id": "bettercombat:katana_slash"
        }
      },
      {
        "hitbox": "HORIZONTAL_PLANE",
        "damage_multiplier": 1.0,
        "angle": 90,
        "upswing": 0.5,
        "animation": "malfu_combat_animation:katana_updown_slash_lr",
        "swing_sound": {
          "id": "bettercombat:katana_slash"
        }
      }
    ]
  }
}