{
  "attributes" : {
    "attack_range": 2.75,
    "pose": "",
    "two_handed": false,
    "category": "trident",
    "attacks": [
      {
        "hitbox": "FORWARD_BOX",
        "damage_multiplier": 1,
        "angle": 0,
        "upswing": 0.5,
        "animation": "malfu_combat_animation:trident_rl_stab",
        "swing_sound": {
          "id": "bettercombat:staff_slash",
          "pitch": 1.5
        }
      },
      {
        "hitbox": "FORWARD_BOX",
        "damage_multiplier": 1,
        "angle": 0,
        "upswing": 0.5,
        "animation": "malfu_combat_animation:trident_rl_stabup",
        "swing_sound": {
          "id": "bettercombat:staff_slash",
          "pitch": 1.5
        }
      },
      {
        "hitbox": "FORWARD_BOX",
        "damage_multiplier": 1,
        "angle": 0,
        "upswing": 0.5,
        "animation": "malfu_combat_animation:trident_lr_stab",
        "swing_sound": {
          "id": "bettercombat:staff_slash",
          "pitch": 1.5
        }
      },
      {
        "hitbox": "FORWARD_BOX",
        "damage_multiplier": 1,
        "angle": 0,
        "upswing": 0.5,
        "animation": "malfu_combat_animation:trident_rl_stab",
        "swing_sound": {
          "id": "bettercombat:staff_slash",
          "pitch": 1.5
        }
      },
      {
        "hitbox": "FORWARD_BOX",
        "damage_multiplier": 1,
        "angle": 0,
        "upswing": 0.5,
        "animation": "malfu_combat_animation:trident_lr_stab",
        "swing_sound": {
          "id": "bettercombat:staff_slash",
          "pitch": 1.5
        }
      },
      {
        "hitbox": "HORIZONTAL_PLANE",
        "damage_multiplier": 1,
        "angle": 90,
        "upswing": 0.5,
        "animation": "malfu_combat_animation:trident_rl",
        "swing_sound": {
          "id": "bettercombat:staff_slash",
          "pitch": 1.2
        }
      },
      {
        "hitbox": "HORIZONTAL_PLANE",
        "damage_multiplier": 1,
        "angle": 90,
        "upswing": 0.5,
        "animation": "malfu_combat_animation:trident_lr",
        "swing_sound": {
          "id": "bettercombat:staff_slash",
          "pitch": 1.2
        }
      },
      {
        "hitbox": "FORWARD_BOX",
        "damage_multiplier": 1,
        "angle": 0,
        "upswing": 0.5,
        "animation": "malfu_combat_animation:trident_rl_stabup",
        "swing_sound": {
          "id": "bettercombat:staff_slash",
          "pitch": 1.5
        }
      },
      {
        "hitbox": "FORWARD_BOX",
        "damage_multiplier": 1,
        "angle": 0,
        "upswing": 0.5,
        "animation": "malfu_combat_animation:trident_rl_stab",
        "swing_sound": {
          "id": "bettercombat:staff_slash",
          "pitch": 1.5
        }
      },
      {
        "hitbox": "HORIZONTAL_PLANE",
        "damage_multiplier": 1,
        "angle": 90,
        "upswing": 0.5,
        "animation": "malfu_combat_animation:trident_rl",
        "swing_sound": {
          "id": "bettercombat:staff_slash",
          "pitch": 1.2
        }
      },
      {
        "hitbox": "HORIZONTAL_PLANE",
        "damage_multiplier": 1,
        "angle": 90,
        "upswing": 0.5,
        "animation": "malfu_combat_animation:trident_lr",
        "swing_sound": {
          "id": "bettercombat:staff_slash",
          "pitch": 1.2
        }
      }
    ]
  }
}