{
    "variants": {
        "alexscaves:textures/entities/grottoceratops.png": "outlined_sprite:alexscaves/grottoceratops/grottoceratops.png",
        "alexscaves:textures/entities/grottoceratops_baby.png": "outlined_sprite:alexscaves/grottoceratops/grottoceratops_baby.png",
        "alexscaves:textures/entities/grottoceratops_retro.png": "outlined_sprite:alexscaves/grottoceratops/grottoceratops_retro.png",
        "alexscaves:textures/entities/grottoceratops_retro_baby.png": "outlined_sprite:alexscaves/grottoceratops/grottoceratops_retro_baby.png",
        "layersAllowed": true
    }
}