{
  "attributes": {
    "attack_range": 2,
    "category": "fist",
    "attacks": [
      {
        "hitbox": "FORWARD_BOX",
        "upswing": 0.5,
        "animation": "malfu_combat_animation:fist_punch",
        "swing_sound": {
          "id": "bettercombat:fist_punch"
        }
      },
      {
        "hitbox": "FORWARD_BOX",
        "upswing": 0.5,
        "animation": "malfu_combat_animation:fist_punch",
        "swing_sound": {
          "id": "bettercombat:fist_punch"
        }
      },
      {
        "hitbox": "FORWARD_BOX",
        "upswing": 0.5,
        "animation": "malfu_combat_animation:fist_uppercut",
        "swing_sound": {
          "id": "bettercombat:fist_punch"
        }
      }
    ]
  }
}