{
  "attributes": {
    "attack_range": 2.5,
    "category": "mace",
    "attacks": [
      {
        "hitbox": "HORIZONTAL_PLANE",
        "damage_multiplier": 1.0,
        "angle": 120,
        "upswing": 0.5,
        "animation": "malfu_combat_animation:one_handed_swipe_horizontal_rl_hori",
        "swing_sound": {
          "id": "bettercombat:mace_slash"
        }
      },
      {
        "hitbox": "HORIZONTAL_PLANE",
        "damage_multiplier": 1.0,
        "angle": 120,
        "upswing": 0.5,
        "animation": "malfu_combat_animation:one_handed_lr",
        "swing_sound": {
          "id": "bettercombat:mace_slash"
        }
      },
      {
        "hitbox": "HORIZONTAL_PLANE",
        "damage_multiplier": 1.0,
        "angle": 150,
        "upswing": 0.5,
        "animation": "malfu_combat_animation:one_handed_heavy_up_lr",
        "swing_sound": {
          "id": "bettercombat:mace_slash"
        }
      },
      {
        "hitbox": "HORIZONTAL_PLANE",
        "damage_multiplier": 1.0,
        "angle": 150,
        "upswing": 0.5,
        "animation": "malfu_combat_animation:one_handed_heavy_up_rl",
        "swing_sound": {
          "id": "bettercombat:mace_slash"
        }
      },
      {
        "hitbox": "HORIZONTAL_PLANE",
        "damage_multiplier": 1.0,
        "angle": 120,
        "upswing": 0.5,
        "animation": "malfu_combat_animation:one_handed_swipe_horizontal_rl_hori",
        "swing_sound": {
          "id": "bettercombat:mace_slash"
        }
      },
      {
        "hitbox": "HORIZONTAL_PLANE",
        "damage_multiplier": 1.0,
        "angle": 120,
        "upswing": 0.5,
        "animation": "malfu_combat_animation:one_handed_lr",
        "swing_sound": {
          "id": "bettercombat:mace_slash"
        }
      }
    ]
  }
}