{
    "variants" : {
        "ars_nouveau:textures/entities/whirlisprig_winter.png" : "outlined_sprite:ars_nouveau/whirlisprig/whirlisprig_winter.png",
        "ars_nouveau:textures/entities/whirlisprig_autumn.png" : "outlined_sprite:ars_nouveau/whirlisprig/whirlisprig_autumn.png",
        "ars_nouveau:textures/entities/whirlisprig_spring.png" : "outlined_sprite:ars_nouveau/whirlisprig/whirlisprig_spring.png",
        "ars_nouveau:textures/entities/whirlisprig_summer.png" : "outlined_sprite:ars_nouveau/whirlisprig/whirlisprig_summer.png","layersAllowed": true
    }
}