{
    "variants": {
		"biomemakeover:textures/entities/dragonfly/dragonfly_0.png" : "outlined_sprite:biomemakeover/dragonfly/dragonfly_0.png",
		"biomemakeover:textures/entities/dragonfly/dragonfly_1.png" : "outlined_sprite:biomemakeover/dragonfly/dragonfly_1.png",
		"biomemakeover:textures/entities/dragonfly/dragonfly_2.png" : "outlined_sprite:biomemakeover/dragonfly/dragonfly_2.png",
		"biomemakeover:textures/entities/dragonfly/dragonfly_3.png" : "outlined_sprite:biomemakeover/dragonfly/dragonfly_3.png",
		"biomemakeover:textures/entities/dragonfly/dragonfly_4.png" : "outlined_sprite:biomemakeover/dragonfly/dragonfly_4.png",
	"layersAllowed": true
    }
}