{
	"credit": "Made by ECYsh364",
	"texture_size": [32, 32],
	"textures": {
		"0": "gunswithoutroses:item/diamond_shotgun",
		"particle": "gunswithoutroses:item/diamond_shotgun"
	},
	"elements": [
		{
			"from": [5.9999, 5.11931, 10.17692],
			"to": [8.0001, 8.11951, 17.17712],
			"rotation": {"angle": 22.5, "axis": "x", "origin": [7, 8.11941, 12.42702]},
			"faces": {
				"north": {"uv": [8.5, 7.5, 9.5, 9], "texture": "#0"},
				"east": {"uv": [4, 6, 7.5, 7.5], "texture": "#0"},
				"south": {"uv": [9, 0, 10, 1.5], "texture": "#0"},
				"west": {"uv": [4, 7.5, 7.5, 9], "texture": "#0"},
				"up": {"uv": [8.5, 9.5, 7.5, 6], "texture": "#0"},
				"down": {"uv": [9, 0, 8, 3.5], "texture": "#0"}
			}
		},
		{
			"from": [6, 6, -6.5],
			"to": [8, 10, 10.5],
			"rotation": {"angle": 0, "axis": "y", "origin": [7, 8, 12.5]},
			"faces": {
				"north": {"uv": [8, 3.5, 9, 5.5], "texture": "#0"},
				"east": {"uv": [0, 12, 8.5, 14], "texture": "#0"},
				"south": {"uv": [8.5, 5.5, 9.5, 7.5], "texture": "#0"},
				"west": {"uv": [0, 14, 8.5, 16], "texture": "#0"},
				"up": {"uv": [1, 12.5, 0, 4], "texture": "#0"},
				"down": {"uv": [2, 4, 1, 12.5], "texture": "#0"}
			}
		},
		{
			"from": [5.999, 7.999, -7.501],
			"to": [8.001, 10.001, 5.501],
			"rotation": {"angle": 0, "axis": "y", "origin": [7, 8, 12.5]},
			"faces": {
				"north": {"uv": [9, 1.5, 10, 2.5], "texture": "#0"},
				"east": {"uv": [2, 4, 8, 5], "texture": "#0"},
				"south": {"uv": [9, 2.5, 10, 3.5], "texture": "#0"},
				"west": {"uv": [2, 5, 8, 6], "texture": "#0"},
				"up": {"uv": [3, 12, 2, 6], "texture": "#0"},
				"down": {"uv": [4, 6, 3, 12], "texture": "#0"}
			}
		},
		{
			"from": [5.499, 5.499, -6.251],
			"to": [8.501, 8.501, 0.751],
			"rotation": {"angle": 0, "axis": "y", "origin": [7, 8, 12.5]},
			"faces": {
				"north": {"uv": [14.5, 8, 16, 9.5], "texture": "#0"},
				"east": {"uv": [12.5, 14.5, 16, 16], "texture": "#0"},
				"south": {"uv": [13, 8, 14.5, 9.5], "texture": "#0"},
				"west": {"uv": [12.5, 13, 16, 14.5], "texture": "#0"},
				"up": {"uv": [14.5, 13, 13, 9.5], "texture": "#0"},
				"down": {"uv": [16, 9.5, 14.5, 13], "texture": "#0"}
			}
		}
	],
	"display": {
		"thirdperson_righthand": {
			"rotation": [72.25, 0, 0],
			"translation": [0.75, 2.25, 1.25],
			"scale": [0.84, 0.84, 0.84]
		},
		"thirdperson_lefthand": {
			"rotation": [72.25, 0, 0],
			"translation": [-1, 2.25, 1.25],
			"scale": [0.84, 0.84, 0.84]
		},
		"firstperson_righthand": {
			"rotation": [0, 0, 8.5],
			"translation": [-1, 2.25, 0]
		},
		"firstperson_lefthand": {
			"rotation": [0, 0, 8.5],
			"translation": [-2.5, 2.25, 0]
		},
		"ground": {
			"translation": [0, 5, 1.5]
		},
		"gui": {
			"rotation": [128.55, 42.01, -133.82],
			"translation": [2.25, -0.75, 0],
			"scale": [0.78, 0.78, 0.78]
		},
		"fixed": {
			"rotation": [90, -44, 90],
			"translation": [-2, -2, -1.75]
		}
	},
	"groups": [
		{
			"name": "group",
			"origin": [8, 8, 8],
			"color": 0,
			"children": [0, 1, 2, 3]
		}
	]
}