{
	"credit": "Made by ECYsh364",
	"texture_size": [32, 32],
	"textures": {
		"0": "gunswithoutroses:item/diamond_sniper",
		"particle": "gunswithoutroses:item/diamond_sniper"
	},
	"elements": [
		{
			"from": [6.75, 5.15, 3.5],
			"to": [8.75, 6.8, 11.75],
			"rotation": {"angle": 0, "axis": "y", "origin": [0.25, 5, 0]},
			"faces": {
				"north": {"uv": [4, 6, 5, 7], "texture": "#0"},
				"east": {"uv": [2, 2, 6, 3], "texture": "#0"},
				"south": {"uv": [6.5, 3.5, 7.5, 4.5], "texture": "#0"},
				"west": {"uv": [2, 3, 6, 4], "texture": "#0"},
				"up": {"uv": [3, 8, 2, 4], "texture": "#0"},
				"down": {"uv": [4, 4, 3, 8], "texture": "#0"}
			}
		},
		{
			"from": [6.7489, 5.42372, 3.40043],
			"to": [8.7511, 6.59092, 4.56763],
			"rotation": {"angle": 45, "axis": "x", "origin": [8.25, 6.57482, 3.70153]},
			"faces": {
				"north": {"uv": [8, 2.5, 9, 3], "texture": "#0"},
				"east": {"uv": [6, 3.5, 6.5, 4], "texture": "#0"},
				"south": {"uv": [5, 8, 6, 8.5], "texture": "#0"},
				"west": {"uv": [7, 3, 7.5, 3.5], "texture": "#0"},
				"up": {"uv": [9, 5.5, 8, 5], "texture": "#0"},
				"down": {"uv": [9, 5.5, 8, 6], "texture": "#0"}
			}
		},
		{
			"from": [7, 4.30238, 14.8034],
			"to": [8.5, 6.32738, 17.5284],
			"rotation": {"angle": 0, "axis": "y", "origin": [8, 6.92738, 21.0034]},
			"faces": {
				"east": {"uv": [5.5, 11.5, 7.5, 13], "texture": "#0"},
				"south": {"uv": [9, 12, 10.5, 13.5], "texture": "#0"},
				"west": {"uv": [5.5, 13, 7.5, 14.5], "texture": "#0"},
				"up": {"uv": [9, 13.5, 7.5, 11.5], "texture": "#0"},
				"down": {"uv": [9, 13.5, 7.5, 15.5], "texture": "#0"}
			}
		},
		{
			"from": [7.125, 2.05, 11.5],
			"to": [8.375, 3.575, 14.5],
			"rotation": {"angle": 22.5, "axis": "x", "origin": [8, 5.5, 19.75]},
			"faces": {
				"east": {"uv": [6, 0, 7.5, 1], "texture": "#0"},
				"west": {"uv": [6, 1, 7.5, 2], "texture": "#0"},
				"up": {"uv": [6.5, 8.5, 6, 7], "texture": "#0"},
				"down": {"uv": [8, 5, 7.5, 6.5], "texture": "#0"}
			}
		},
		{
			"from": [7.0001, 5.35853, 14.08868],
			"to": [8.4999, 6.50833, 15.46348],
			"rotation": {"angle": -22.5, "axis": "x", "origin": [8, 4.75843, 15.58858]},
			"faces": {
				"east": {"uv": [8.5, 4.5, 9, 5], "texture": "#0"},
				"west": {"uv": [6, 8.5, 6.5, 9], "texture": "#0"},
				"up": {"uv": [9, 6.5, 8, 6], "texture": "#0"}
			}
		},
		{
			"from": [6.9999, 4.30109, 13.55797],
			"to": [8.5001, 5.65129, 14.83317],
			"rotation": {"angle": 0, "axis": "y", "origin": [8, 6.90119, 21.73307]},
			"faces": {
				"north": {"uv": [2.5, 11.5, 3.5, 12.5], "texture": "#0"},
				"east": {"uv": [2.5, 12.5, 3.5, 13.5], "texture": "#0"},
				"south": {"uv": [2.5, 13.5, 3.5, 14.5], "texture": "#0"},
				"west": {"uv": [3.5, 12.5, 4.5, 13.5], "texture": "#0"},
				"down": {"uv": [4.5, 11.5, 3.5, 12.5], "texture": "#0"}
			}
		},
		{
			"from": [6.9, 6.15, 9.4],
			"to": [8.6, 7.85, 11.6],
			"rotation": {"angle": 0, "axis": "y", "origin": [0, 5, 0]},
			"faces": {
				"north": {"uv": [6.5, 5.5, 7.5, 6.5], "texture": "#0"},
				"east": {"uv": [6.5, 6.5, 7.5, 7.5], "texture": "#0"},
				"south": {"uv": [7, 2, 8, 3], "texture": "#0"},
				"west": {"uv": [4, 7, 5, 8], "texture": "#0"},
				"up": {"uv": [6, 8, 5, 7], "texture": "#0"}
			}
		},
		{
			"from": [6.9, 4.65, 7.9],
			"to": [8.6, 5.35, 10.6],
			"rotation": {"angle": 0, "axis": "y", "origin": [0, 5, 0]},
			"faces": {
				"north": {"uv": [8, 7.5, 9, 8], "texture": "#0"},
				"east": {"uv": [6.5, 7.5, 8, 8], "texture": "#0"},
				"south": {"uv": [0, 8.5, 1, 9], "texture": "#0"},
				"west": {"uv": [7.5, 6.5, 9, 7], "texture": "#0"},
				"down": {"uv": [7, 2, 6, 3.5], "texture": "#0"}
			}
		},
		{
			"from": [7, 6.25, -2.5],
			"to": [8.5, 7.75, 9.5],
			"rotation": {"angle": 0, "axis": "y", "origin": [0, 5, 0]},
			"faces": {
				"north": {"uv": [7.5, 0, 8.5, 1], "texture": "#0"},
				"east": {"uv": [0, 9.5, 8.5, 10.5], "texture": "#0"},
				"south": {"uv": [7.5, 1, 8.5, 2], "texture": "#0"},
				"west": {"uv": [0, 10.5, 8.5, 11.5], "texture": "#0"},
				"up": {"uv": [11, 9, 10, 0.5], "texture": "#0"},
				"down": {"uv": [12, 0.5, 11, 9], "texture": "#0"}
			}
		},
		{
			"from": [6.9, 5.9, 3.0001],
			"to": [8.6, 7.85, 4.2001],
			"rotation": {"angle": 0, "axis": "y", "origin": [0, 5, 0]},
			"faces": {
				"north": {"uv": [7.5, 3, 8.5, 4], "texture": "#0"},
				"east": {"uv": [5, 6, 5.5, 7], "texture": "#0"},
				"south": {"uv": [7.5, 4, 8.5, 5], "texture": "#0"},
				"west": {"uv": [8.5, 0, 9, 1], "texture": "#0"},
				"up": {"uv": [9.5, 1.5, 8.5, 1], "texture": "#0"},
				"down": {"uv": [9.5, 1.5, 8.5, 2], "texture": "#0"}
			}
		},
		{
			"from": [7.25, 9.25, 9],
			"to": [8.25, 8.25, 11.5],
			"rotation": {"angle": 0, "axis": "y", "origin": [0, 5, 0]},
			"faces": {
				"east": {"uv": [0, 14, 2.5, 15.5], "texture": "#0"},
				"west": {"uv": [0, 14, 2.5, 15.5], "texture": "#0"},
				"up": {"uv": [2.5, 15.5, 0, 14], "rotation": 90, "texture": "#0"},
				"down": {"uv": [0, 15.5, 2.5, 14], "rotation": 90, "texture": "#0"}
			}
		},
		{
			"from": [7.25, 8.25, 9],
			"to": [8.25, 9.25, 11.5],
			"rotation": {"angle": 0, "axis": "y", "origin": [0, 5, 0]},
			"faces": {
				"east": {"uv": [8, 2, 9.5, 2.5], "texture": "#0"},
				"west": {"uv": [2.5, 8, 4, 8.5], "texture": "#0"},
				"up": {"uv": [4.5, 9.5, 4, 8], "texture": "#0"},
				"down": {"uv": [5, 8, 4.5, 9.5], "texture": "#0"}
			}
		},
		{
			"from": [7.25, 8.25, 10.25],
			"to": [8.25, 9.25, 10.25],
			"rotation": {"angle": 0, "axis": "y", "origin": [0, 5, 0]},
			"faces": {
				"north": {"uv": [0, 0, 0.5, 0.5], "texture": "#0"},
				"south": {"uv": [0.5, 0, 0, 0.5], "texture": "#0"}
			}
		},
		{
			"from": [7.5, 7.75, 9.5],
			"to": [8, 8.2499, 11],
			"rotation": {"angle": 0, "axis": "y", "origin": [0, 5, 0]},
			"faces": {
				"north": {"uv": [7.5, 8.5, 8, 9], "texture": "#0"},
				"east": {"uv": [2.5, 8.5, 3.5, 9], "texture": "#0"},
				"south": {"uv": [8, 8.5, 8.5, 9], "texture": "#0"},
				"west": {"uv": [8.5, 3, 9.5, 3.5], "texture": "#0"},
				"up": {"uv": [1.5, 9.5, 1, 8.5], "texture": "#0"},
				"down": {"uv": [4, 8.5, 3.5, 9.5], "texture": "#0"}
			}
		},
		{
			"from": [7.5, 7.5, -1.75],
			"to": [8, 8.25, -0.25],
			"rotation": {"angle": 22.5, "axis": "x", "origin": [7.75, 8.125, -1.5]},
			"faces": {
				"north": {"uv": [8.5, 8, 9, 8.5], "texture": "#0"},
				"east": {"uv": [8.5, 3.5, 9.5, 4], "texture": "#0"},
				"south": {"uv": [8.5, 8.5, 9, 9], "texture": "#0"},
				"west": {"uv": [8.5, 4, 9.5, 4.5], "texture": "#0"},
				"up": {"uv": [5.5, 9.5, 5, 8.5], "texture": "#0"},
				"down": {"uv": [6, 8.5, 5.5, 9.5], "texture": "#0"}
			}
		}
	],
	"display": {
		"thirdperson_righthand": {
			"rotation": [68, 0, 0],
			"translation": [0.25, 6.5, 2.25],
			"scale": [1.47, 1.47, 1.47]
		},
		"thirdperson_lefthand": {
			"rotation": [68, 0, 0],
			"translation": [0.25, 6.5, 2.25],
			"scale": [1.47, 1.47, 1.47]
		},
		"firstperson_righthand": {
			"rotation": [0, 0, 6.5],
			"translation": [-4, 5.25, 2.5],
			"scale": [1.2, 1.2, 1.2]
		},
		"firstperson_lefthand": {
			"rotation": [0, 0, 6.5],
			"translation": [-4.5, 5.25, 2.5],
			"scale": [1.2, 1.2, 1.2]
		},
		"ground": {
			"rotation": [46, 0, 0],
			"translation": [0, 6, 0]
		},
		"gui": {
			"rotation": [120, 45, -88],
			"translation": [1.5, 1, 0],
			"scale": [0.69, 0.9, 0.89]
		},
		"head": {
			"translation": [0, 0.75, -16.25]
		},
		"fixed": {
			"rotation": [90, 45, -90],
			"translation": [1.5, 0.75, 0]
		}
	},
	"groups": [
		{
			"name": "group",
			"origin": [8, 8, 8],
			"color": 0,
			"children": [
				{
					"name": "group",
					"origin": [8.25, 1.57726, 3.70153],
					"color": 0,
					"children": [0, 1]
				},
				{
					"name": "group",
					"origin": [8, 1.65119, 20.98307],
					"color": 0,
					"children": [2, 3, 4, 5]
				},
				{
					"name": "group",
					"origin": [0, 0, 0],
					"color": 0,
					"children": [6, 7, 8, 9]
				},
				{
					"name": "lense",
					"origin": [0, 0, 0],
					"color": 0,
					"children": [10, 11, 12, 13, 14]
				}
			]
		}
	]
}