{
	"credit": "Made by ECYsh364",
	"texture_size": [64, 64],
	"textures": {
		"0": "gunswithoutroses:item/diamond_gatling",
		"particle": "gunswithoutroses:item/diamond_gatling"
	},
	"elements": [
		{
			"from": [5.75, 0.75, -1],
			"to": [7.75, 2.75, 6],
			"rotation": {"angle": 0, "axis": "y", "origin": [0, 0, -7]},
			"faces": {
				"north": {"uv": [8.25, 4.25, 8.75, 4.75], "texture": "#0"},
				"east": {"uv": [7.25, 0, 9, 0.5], "texture": "#0"},
				"south": {"uv": [8.25, 6.5, 8.75, 7], "texture": "#0"},
				"west": {"uv": [7.25, 0.5, 9, 1], "texture": "#0"},
				"up": {"uv": [4.75, 8.75, 4.25, 7], "texture": "#0"},
				"down": {"uv": [6.75, 7.25, 6.25, 9], "texture": "#0"}
			}
		},
		{
			"from": [5.75, 3.25, -1],
			"to": [7.75, 5.25, 6],
			"rotation": {"angle": 0, "axis": "y", "origin": [0, 0, -7]},
			"faces": {
				"north": {"uv": [8.25, 7, 8.75, 7.5], "texture": "#0"},
				"east": {"uv": [7.25, 1, 9, 1.5], "texture": "#0"},
				"south": {"uv": [8.25, 7.5, 8.75, 8], "texture": "#0"},
				"west": {"uv": [7.25, 1.5, 9, 2], "texture": "#0"},
				"up": {"uv": [7.25, 9, 6.75, 7.25], "texture": "#0"},
				"down": {"uv": [7.75, 7.25, 7.25, 9], "texture": "#0"}
			}
		},
		{
			"from": [8.25, 3.25, -1],
			"to": [10.25, 5.25, 6],
			"rotation": {"angle": 0, "axis": "y", "origin": [0, 0, -7]},
			"faces": {
				"north": {"uv": [8.25, 8, 8.75, 8.5], "texture": "#0"},
				"east": {"uv": [7.5, 2, 9.25, 2.5], "texture": "#0"},
				"south": {"uv": [0, 8.5, 0.5, 9], "texture": "#0"},
				"west": {"uv": [7.5, 2.5, 9.25, 3], "texture": "#0"},
				"up": {"uv": [8.25, 4.75, 7.75, 3], "texture": "#0"},
				"down": {"uv": [5.25, 7.75, 4.75, 9.5], "texture": "#0"}
			}
		},
		{
			"from": [8.25, 0.75, -1],
			"to": [10.25, 2.75, 6],
			"rotation": {"angle": 0, "axis": "y", "origin": [0, 0, -7]},
			"faces": {
				"north": {"uv": [0.5, 8.5, 1, 9], "texture": "#0"},
				"east": {"uv": [7.75, 4.75, 9.5, 5.25], "texture": "#0"},
				"south": {"uv": [1, 8.5, 1.5, 9], "texture": "#0"},
				"west": {"uv": [7.75, 5.25, 9.5, 5.75], "texture": "#0"},
				"up": {"uv": [5.75, 9.5, 5.25, 7.75], "texture": "#0"},
				"down": {"uv": [6.25, 7.75, 5.75, 9.5], "texture": "#0"}
			}
		},
		{
			"from": [5, 0, 0],
			"to": [11, 6, 2],
			"rotation": {"angle": 0, "axis": "y", "origin": [0, 0, -7]},
			"faces": {
				"north": {"uv": [4.75, 2, 6.25, 3.5], "texture": "#0"},
				"east": {"uv": [7.75, 5.75, 8.25, 7.25], "texture": "#0"},
				"south": {"uv": [4.75, 3.5, 6.25, 5], "texture": "#0"},
				"west": {"uv": [7.75, 7.25, 8.25, 8.75], "texture": "#0"},
				"up": {"uv": [1.5, 8.5, 0, 8], "texture": "#0"},
				"down": {"uv": [3, 8, 1.5, 8.5], "texture": "#0"}
			}
		},
		{
			"from": [4.5, 2.5, 8],
			"to": [11.5, 6.5, 18],
			"rotation": {"angle": 0, "axis": "y", "origin": [0, 0, -7]},
			"faces": {
				"north": {"uv": [0, 7, 1.75, 8], "texture": "#0"},
				"east": {"uv": [4.75, 0, 7.25, 1], "texture": "#0"},
				"south": {"uv": [1.75, 7, 3.5, 8], "texture": "#0"},
				"west": {"uv": [4.75, 1, 7.25, 2], "texture": "#0"},
				"up": {"uv": [1.75, 5.5, 0, 3], "texture": "#0"},
				"down": {"uv": [3.5, 3, 1.75, 5.5], "texture": "#0"}
			}
		},
		{
			"from": [5.5, 0, 8],
			"to": [10.5, 6, 20],
			"rotation": {"angle": 0, "axis": "y", "origin": [0, 0, -7]},
			"faces": {
				"east": {"uv": [0, 0, 3, 1.5], "texture": "#0"},
				"south": {"uv": [6.25, 2, 7.5, 3.5], "texture": "#0"},
				"west": {"uv": [0.5, 1.5, 3.5, 3], "texture": "#0"},
				"up": {"uv": [4.75, 3, 3.5, 0], "texture": "#0"},
				"down": {"uv": [4.75, 3.5, 3.5, 6.5], "texture": "#0"}
			}
		},
		{
			"from": [5, 0, 6],
			"to": [11, 6, 8],
			"rotation": {"angle": 0, "axis": "y", "origin": [0, 0, -7]},
			"faces": {
				"north": {"uv": [1.25, 13.75, 2.75, 15.25], "texture": "#0"},
				"east": {"uv": [0.5, 13.75, 1, 15.25], "texture": "#0"},
				"south": {"uv": [1.25, 13.75, 2.75, 15.25], "texture": "#0"},
				"west": {"uv": [0, 13.75, 0.5, 15.25], "texture": "#0"},
				"up": {"uv": [1.25, 16, 0, 15.5], "texture": "#0"},
				"down": {"uv": [2.75, 15.5, 1.5, 16], "texture": "#0"}
			}
		},
		{
			"from": [5, -3.5, 8],
			"to": [11, 1.5, 14],
			"rotation": {"angle": 0, "axis": "y", "origin": [0, 0, -7]},
			"faces": {
				"north": {"uv": [6.25, 3.5, 7.75, 4.75], "texture": "#0"},
				"east": {"uv": [6.25, 4.75, 7.75, 6], "texture": "#0"},
				"south": {"uv": [6.25, 6, 7.75, 7.25], "texture": "#0"},
				"west": {"uv": [4.75, 6.5, 6.25, 7.75], "texture": "#0"},
				"up": {"uv": [6.25, 6.5, 4.75, 5], "texture": "#0"},
				"down": {"uv": [1.5, 5.5, 0, 7], "texture": "#0"}
			}
		},
		{
			"from": [6.5, -5.5, 17],
			"to": [8.5, -0.5, 20],
			"rotation": {"angle": -22.5, "axis": "x", "origin": [7.5, -3, 15]},
			"faces": {
				"north": {"uv": [3, 8, 3.5, 9.25], "texture": "#0"},
				"east": {"uv": [2.75, 5.5, 3.5, 6.75], "texture": "#0"},
				"south": {"uv": [8.25, 3, 8.75, 4.25], "texture": "#0"},
				"west": {"uv": [3.5, 7, 4.25, 8.25], "texture": "#0"},
				"up": {"uv": [4, 9, 3.5, 8.25], "texture": "#0"},
				"down": {"uv": [8.75, 5.75, 8.25, 6.5], "texture": "#0"}
			}
		},
		{
			"from": [7.5, -4.5, 14],
			"to": [7.5, 0.5, 18],
			"rotation": {"angle": 0, "axis": "y", "origin": [7.5, -3, 15]},
			"faces": {
				"north": {"uv": [10, 5.25, 10, 6.5], "texture": "#0"},
				"east": {"uv": [9, 0, 10, 1.25], "texture": "#0"},
				"south": {"uv": [15.25, 0.25, 15.25, 1.5], "texture": "#0"},
				"west": {"uv": [10, 0, 9, 1.25], "texture": "#0"},
				"up": {"uv": [10.5, 6.5, 10.5, 5.5], "texture": "#0"},
				"down": {"uv": [15.25, 3, 15.25, 4], "texture": "#0"}
			}
		}
	],
	"display": {
		"thirdperson_righthand": {
			"translation": [0, 5.75, -5.25],
			"scale": [0.7, 0.7, 0.7]
		},
		"thirdperson_lefthand": {
			"translation": [0, 5.25, -4.75],
			"scale": [0.64, 0.64, 0.64]
		},
		"firstperson_righthand": {
			"rotation": [25.74, 16.03, -1.65],
			"translation": [3.5, 7.25, -7.75],
			"scale": [0.72, 0.72, 0.72]
		},
		"firstperson_lefthand": {
			"rotation": [25.74, 16.03, -1.65],
			"translation": [3.5, 7.25, -7.75],
			"scale": [0.72, 0.72, 0.72]
		},
		"ground": {
			"rotation": [61.62, 9.76, 16.3],
			"translation": [0, 3.25, 0],
			"scale": [0.46, 0.46, 0.46]
		},
		"gui": {
			"rotation": [128.55, 42.01, -133.82],
			"translation": [1.25, 5.25, 0],
			"scale": [0.78, 0.78, 0.78]
		},
		"fixed": {
			"rotation": [0, 90, 0],
			"translation": [-4.25, 13, -7],
			"scale": [2.08, 2.08, 2.08]
		}
	},
	"groups": [
		{
			"name": "group",
			"origin": [8, 8, 8],
			"color": 0,
			"children": [0, 1, 2, 3, 4, 5, 6, 7, 8, 9, 10]
		}
	]
}