{
	"credit": "Made by ECYsh364",
	"textures": {
		"2": "gunswithoutroses:item/gold_gun",
		"particle": "gunswithoutroses:item/gold_gun"
	},
	"elements": [
		{
			"from": [7.001, 1.001, 10.001],
			"to": [8.999, 1.999, 12.999],
			"rotation": {"angle": 0, "axis": "x", "origin": [8.25, 5.89438, 9.88138]},
			"faces": {
				"east": {"uv": [11, 13.5, 12.5, 14], "texture": "#2"},
				"west": {"uv": [13, 13.5, 14.5, 14], "texture": "#2"},
				"up": {"uv": [3, 14.5, 2, 13], "texture": "#2"},
				"down": {"uv": [4.5, 13, 3.5, 14.5], "texture": "#2"}
			}
		},
		{
			"from": [6.5, 4, 1.25],
			"to": [9.5, 7, 7.25],
			"rotation": {"angle": 0, "axis": "x", "origin": [8.25, 5.89438, 9.88138]},
			"faces": {
				"north": {"uv": [10, 0, 11, 1], "texture": "#2"},
				"east": {"uv": [0, 5, 2, 6], "texture": "#2"},
				"west": {"uv": [6, 4, 8, 5], "texture": "#2"},
				"up": {"uv": [7, 9, 6, 7], "texture": "#2"},
				"down": {"uv": [1, 8, 0, 10], "texture": "#2"}
			}
		},
		{
			"from": [6.5, 4, 13.25],
			"to": [9.5, 7, 14.25],
			"rotation": {"angle": 0, "axis": "x", "origin": [8.25, 5.89438, 9.88138]},
			"faces": {
				"east": {"uv": [6.5, 13, 6.5, 14], "texture": "#2"},
				"south": {"uv": [0, 10.5, 1, 11.5], "texture": "#2"},
				"west": {"uv": [13, 10.5, 13, 11.5], "texture": "#2"},
				"up": {"uv": [11.5, 7.5, 10.5, 8], "texture": "#2"},
				"down": {"uv": [14, 12.5, 13, 13], "texture": "#2"}
			}
		},
		{
			"from": [7.5, 6.94554, 11.30668],
			"to": [8.5, 9.94554, 13.30668],
			"rotation": {"angle": 22.5, "axis": "x", "origin": [8.25, 5.89438, 9.88138]},
			"faces": {
				"north": {"uv": [13.5, 0, 14, 1.5], "texture": "#2"},
				"east": {"uv": [11.5, 10, 12.5, 11.5], "texture": "#2"},
				"south": {"uv": [13.5, 2, 14, 3.5], "texture": "#2"},
				"west": {"uv": [12, 0, 13, 1.5], "texture": "#2"},
				"up": {"uv": [4, 10.5, 3.5, 9.5], "texture": "#2"}
			}
		},
		{
			"from": [6, 3.5, 7.25],
			"to": [10, 7.5, 13.25],
			"rotation": {"angle": 0, "axis": "x", "origin": [8.25, 5.89438, 9.88138]},
			"faces": {
				"north": {"uv": [2, 7, 3.5, 8.5], "texture": "#2"},
				"east": {"uv": [0, 0, 2.5, 1.5], "texture": "#2"},
				"south": {"uv": [8, 6, 9.5, 7.5], "texture": "#2"},
				"west": {"uv": [0, 2.5, 2.5, 4], "texture": "#2"},
				"up": {"uv": [5, 2.5, 3.5, 0], "texture": "#2"},
				"down": {"uv": [5, 3.5, 3.5, 6], "texture": "#2"}
			}
		},
		{
			"from": [6.999, 2.57933, 13.72714],
			"to": [9.001, 5.58133, 19.72914],
			"rotation": {"angle": 22.5, "axis": "x", "origin": [8.25, 5.89438, 9.88138]},
			"faces": {
				"north": {"uv": [12, 2.5, 13, 3.5], "texture": "#2"},
				"east": {"uv": [6, 0, 9, 1.5], "texture": "#2"},
				"south": {"uv": [9.5, 12, 10.5, 13.5], "texture": "#2"},
				"west": {"uv": [6, 2, 9, 3.5], "texture": "#2"},
				"up": {"uv": [6, 10, 5, 7], "texture": "#2"},
				"down": {"uv": [9.5, 8.5, 8.5, 11.5], "texture": "#2"}
			}
		},
		{
			"from": [7.001, 2.84876, 7.76637],
			"to": [8.999, 4.84676, 10.76437],
			"rotation": {"angle": 0, "axis": "x", "origin": [8.25, 5.89438, 9.88138]},
			"faces": {
				"east": {"uv": [11, 12, 12.5, 13], "texture": "#2"},
				"south": {"uv": [5, 13, 6, 14], "texture": "#2"},
				"west": {"uv": [0, 12.5, 1.5, 13.5], "texture": "#2"}
			}
		},
		{
			"from": [8, 3.47295, 12.65412],
			"to": [8, 5.47295, 13.65412],
			"rotation": {"angle": 22.5, "axis": "x", "origin": [8.25, 5.89438, 9.88138]},
			"faces": {
				"east": {"uv": [11.5, 6, 12, 7], "texture": "#2"},
				"west": {"uv": [11.5, 6, 12, 7], "texture": "#2"}
			}
		},
		{
			"from": [7, 1.41796, 5.86397],
			"to": [9, 3.41796, 11.86397],
			"rotation": {"angle": 22.5, "axis": "x", "origin": [8.25, 5.89438, 9.88138]},
			"faces": {
				"north": {"uv": [13, 7.5, 14, 8.5], "texture": "#2"},
				"east": {"uv": [9.5, 4, 12.5, 5], "texture": "#2"},
				"south": {"uv": [13, 9, 14, 10], "texture": "#2"},
				"west": {"uv": [9.5, 8.5, 12.5, 9.5], "texture": "#2"},
				"down": {"uv": [7, 9.5, 6, 12.5], "texture": "#2"}
			}
		}
	],
	"display": {
		"thirdperson_righthand": {
			"rotation": [67.75, 0, 0],
			"translation": [0, 6.25, 4.25],
			"scale": [0.84, 0.84, 0.84]
		},
		"thirdperson_lefthand": {
			"rotation": [67.75, 0, 0],
			"translation": [0, 6.25, 4.25],
			"scale": [0.84, 0.84, 0.84]
		},
		"firstperson_righthand": {
			"rotation": [0, 0, 3.25],
			"translation": [-1.25, 6, -3]
		},
		"firstperson_lefthand": {
			"rotation": [0, 0, 3.25],
			"translation": [-1.25, 6, -3]
		},
		"ground": {
			"translation": [0, 2.5, 0],
			"scale": [0.49, 0.49, 0.49]
		},
		"gui": {
			"rotation": [111.4, 54.49, -90.69],
			"translation": [1.75, 3, 0],
			"scale": [0.8, 0.8, 0.8]
		},
		"fixed": {
			"rotation": [90, -44, 90],
			"translation": [-2, 2.75, -1.75],
			"scale": [0.84, 0.84, 0.84]
		}
	},
	"groups": [
		{
			"name": "group",
			"origin": [8, 3.07193, 7.61104],
			"color": 0,
			"children": [0, 1, 2, 3, 4, 5, 6, 7, 8]
		}
	]
}