{
    "variants": {
        "betterend:textures/entities/end_slime/end_slime.png": "outlined_sprite:betterend/end_slime/end_slime.png",
		"betterend:textures/entities/end_slime/end_slime_mossy.png": "outlined_sprite:betterend/end_slime/end_slime_mossy.png",
        "betterend:textures/entities/end_slime/end_slime_lake.png": "outlined_sprite:betterend/end_slime/end_slime_lake.png",
        "betterend:textures/entities/end_slime/end_slime_amber.png": "outlined_sprite:betterend/end_slime/end_slime_amber.png",
	"layersAllowed": true
    }
}